,keyword,weight,year
0,christmases,0.4205,2021
1,reindeers,0.4027,2021
2,reindeer,0.401,2021
3,christmastree,0.3917,2021
4,santa,0.3906,2021
5,chrismas,0.369,2021
6,christmastime,0.3616,2021
7,christmas,0.3478,2021
8,carols,0.3428,2021
9,jingle,0.3315,2021
10,caroling,0.3106,2021
11,rudolph,0.3097,2021
12,nomás,0.2993,2021
13,claus,0.2953,2021
14,sleighs,0.2944,2021
15,presents,0.2822,2021
16,gifts,0.2768,2021
17,ornaments,0.2748,2021
18,needy,0.2709,2021
19,wishlist,0.2689,2021
20,carol,0.2681,2021
21,holidays,0.2661,2021
22,toys,0.2642,2021
23,sleigh,0.2557,2021
24,festers,0.2503,2021
25,muchies,0.247,2021
26,snowflakes,0.2453,2021
27,lyrics,0.2445,2021
28,holiday,0.2433,2021
29,candles,0.242,2021
