,keyword,weight,year
0,christmastree,0.4969,2023
1,chrismas,0.4441,2023
2,xmas,0.4307,2023
3,christmas,0.4243,2023
4,christmastime,0.4081,2023
5,santa,0.3906,2023
6,rudolph,0.3666,2023
7,reindeer,0.3625,2023
8,jingle,0.3303,2023
9,caroling,0.3252,2023
10,fest,0.3042,2023
11,holiday,0.2966,2023
12,claus,0.2857,2023
13,parade,0.2839,2023
14,carol,0.2791,2023
15,sleigh,0.2747,2023
16,bethlehem,0.2692,2023
17,holly,0.2639,2023
18,noel,0.2617,2023
19,snowbunnies,0.2544,2023
20,halloween,0.2511,2023
21,evergreen,0.2496,2023
22,grammys,0.2491,2023
23,merry,0.2438,2023
24,december,0.2433,2023
25,caroles,0.2409,2023
26,candy,0.2408,2023
27,gingerbread,0.235,2023
28,decoration,0.2323,2023
29,deck,0.2278,2023
