,keyword,weight,year
0,christmases,0.4205,2022
1,xmas,0.4027,2022
2,reindeers,0.4027,2022
3,reindeer,0.401,2022
4,christmastree,0.3917,2022
5,santa,0.3906,2022
6,chrismas,0.369,2022
7,christmastime,0.3616,2022
8,christmas,0.3478,2022
9,carols,0.3428,2022
10,jingle,0.3315,2022
11,caroling,0.3106,2022
12,rudolph,0.3097,2022
13,snowbunnies,0.297,2022
14,claus,0.2953,2022
15,sleighs,0.2944,2022
16,presents,0.2822,2022
17,gifts,0.2768,2022
18,wanting,0.2743,2022
19,needy,0.2709,2022
20,wishful,0.2697,2022
21,carol,0.2681,2022
22,holidays,0.2661,2022
23,toys,0.2642,2022
24,sleigh,0.2557,2022
25,demands,0.2482,2022
26,snowflakes,0.2453,2022
27,lyrics,0.2445,2022
28,holiday,0.2433,2022
29,candles,0.242,2022
